{
  "n_regions": 1,
  "regions": {
    "region_0": {
      "centroid_world": [
        3.485703153099149,
        1.3284306438076972
      ],
      "area_m2": 6.67,
      "n_neighbors": 0
    }
  },
  "resolution_m_per_px": 0.02
}