{
  "n_regions": 1,
  "regions": {
    "region_0": {
      "centroid_world": [
        0.9230869061413673,
        1.3563105446118193
      ],
      "area_m2": 1.73,
      "n_neighbors": 0
    }
  },
  "resolution_m_per_px": 0.02
}