{
  "n_regions": 1,
  "regions": {
    "region_0": {
      "centroid_world": [
        2.077433831990794,
        1.4638780207134638
      ],
      "area_m2": 1.39,
      "n_neighbors": 0
    }
  },
  "resolution_m_per_px": 0.02
}