{
  "n_regions": 1,
  "regions": {
    "region_0": {
      "centroid_world": [
        2.653540010598834,
        0.5595442501324854
      ],
      "area_m2": 1.51,
      "n_neighbors": 0
    }
  },
  "resolution_m_per_px": 0.02
}